sportsref,KenPom
abilene-christian,Abilene Christian
air-force,Air Force
akron,Akron
alabama,Alabama
alabama-am,Alabama A&M
alabama-state,Alabama St.
alabama-birmingham,UAB
albany-ny,Albany
alcorn-state,Alcorn St.
american,American
appalachian-state,Appalachian St.
arizona,Arizona
arizona-state,Arizona St.
arkansas,Arkansas
arkansas-state,Arkansas St.
arkansas-pine-bluff,Arkansas Pine Bluff
army,Army
auburn,Auburn
austin-peay,Austin Peay
ball-state,Ball St.
baylor,Baylor
belmont,Belmont
bethune-cookman,Bethune Cookman
binghamton,Binghamton
boise-state,Boise St.
boston-college,Boston College
boston-university,Boston University
bowling-green-state,Bowling Green
bradley,Bradley
brigham-young,BYU
brown,Brown
bryant,Bryant
bucknell,Bucknell
buffalo,Buffalo
butler,Butler
cal-poly,Cal Poly
cal-state-bakersfield,Cal St. Bakersfield
cal-state-fullerton,Cal St. Fullerton
cal-state-northridge,Cal St. Northridge
california-baptist,Cal Baptist
campbell,Campbell
canisius,Canisius
central-arkansas,Central Arkansas
central-connecticut-state,Central Connecticut
central-michigan,Central Michigan
central-florida,UCF
charleston-southern,Charleston Southern
charlotte,Charlotte
chattanooga,Chattanooga
chicago-state,Chicago St.
cincinnati,Cincinnati
citadel,The Citadel
clemson,Clemson
cleveland-state,Cleveland St.
coastal-carolina,Coastal Carolina
colgate,Colgate
college-of-charleston,College of Charleston
colorado,Colorado
colorado-state,Colorado St.
columbia,Columbia
connecticut,Connecticut
coppin-state,Coppin St.
cornell,Cornell
creighton,Creighton
dartmouth,Dartmouth
davidson,Davidson
dayton,Dayton
delaware,Delaware
delaware-state,Delaware St.
denver,Denver
depaul,DePaul
detroit-mercy,Detroit
drake,Drake
drexel,Drexel
duke,Duke
duquesne,Duquesne
east-carolina,East Carolina
east-tennessee-state,East Tennessee St.
eastern-illinois,Eastern Illinois
eastern-kentucky,Eastern Kentucky
eastern-michigan,Eastern Michigan
eastern-washington,Eastern Washington
elon,Elon
evansville,Evansville
fairfield,Fairfield
fairleigh-dickinson,Fairleigh Dickinson
florida-international,FIU
florida,Florida
florida-am,Florida A&M
florida-atlantic,Florida Atlantic
florida-gulf-coast,Florida Gulf Coast
florida-state,Florida St.
fordham,Fordham
fresno-state,Fresno St.
furman,Furman
gardner-webb,Gardner Webb
george-mason,George Mason
george-washington,George Washington
georgetown,Georgetown
georgia,Georgia
georgia-southern,Georgia Southern
georgia-state,Georgia St.
georgia-tech,Georgia Tech
gonzaga,Gonzaga
grambling,Grambling St.
grand-canyon,Grand Canyon
green-bay,Green Bay
hampton,Hampton
hartford,Hartford
harvard,Harvard
hawaii,Hawaii
high-point,High Point
hofstra,Hofstra
holy-cross,Holy Cross
houston,Houston
houston-baptist,Houston Baptist
howard,Howard
idaho,Idaho
idaho-state,Idaho St.
illinois,Illinois
illinois-state,Illinois St.
illinois-chicago,Illinois Chicago
incarnate-word,Incarnate Word
indiana,Indiana
indiana-state,Indiana St.
iona,Iona
iowa,Iowa
iowa-state,Iowa St.
iupui,IUPUI
jackson-state,Jackson St.
jacksonville,Jacksonville
jacksonville-state,Jacksonville St.
james-madison,James Madison
kansas,Kansas
kansas-state,Kansas St.
kennesaw-state,Kennesaw St.
kent-state,Kent St.
kentucky,Kentucky
la-salle,La Salle
lafayette,Lafayette
lamar,Lamar
lehigh,Lehigh
liberty,Liberty
lipscomb,Lipscomb
arkansas-little-rock,Arkansas Little Rock
long beach state,Long Beach St.
long-island-university,LIU Brooklyn
longwood,Longwood
louisiana-lafayette,Louisiana Lafayette
louisiana-state,LSU
louisiana-tech,Louisiana Tech
louisiana-monroe,Louisiana Monroe
louisville,Louisville
loyola-il,Loyola Chicago
loyola-md,Loyola MD
loyola-marymount,Loyola Marymount
maine,Maine
manhattan,Manhattan
marist,Marist
marquette,Marquette
marshall,Marshall
maryland,Maryland
maryland-baltimore-county,UMBC
maryland-eastern-shore,Maryland Eastern Shore
massachusetts,Massachusetts
massachusetts-lowell,UMass Lowell
mcneese-state,McNeese St.
memphis,Memphis
mercer,Mercer
miami-fl,Miami FL
miami-oh,Miami OH
michigan,Michigan
michigan-state,Michigan St.
middle-tennessee,Middle Tennessee
milwaukee,Milwaukee
minnesota,Minnesota
mississippi,Mississippi
mississippi-state,Mississippi St.
mississippi-valley-state,Mississippi Valley St.
missouri,Missouri
missouri-state,Missouri St.
missouri-kansas-city,UMKC
monmouth,Monmouth
montana,Montana
montana-state,Montana St.
morehead-state,Morehead St.
morgan-state,Morgan St.
mount-st-marys,Mount St. Marys
murray-state,Murray St.
navy,Navy
nebraska,Nebraska
nevada,Nevada
nevada-las-vegas,UNLV
new-hampshire,New Hampshire
new-mexico,New Mexico
new-mexico-state,New Mexico St.
new-orleans,New Orleans
niagara,Niagara
nicholls-state,Nicholls St.
njit,NJIT
norfolk-state,Norfolk St.
north-alabama,North Alabama
north-carolina,North Carolina
north-carolina-at,North Carolina A&T
north-carolina-central,North Carolina Central
north-carolina-state,North Carolina St.
north-carolina-asheville,UNC Asheville
north-carolina-greensboro,UNC Greensboro
north-carolina-wilmington,UNC Wilmington
north-dakota,North Dakota
north-dakota-state,North Dakota St.
north-florida,North Florida
north-texas,North Texas
northeastern,Northeastern
northern-arizona,Northern Arizona
northern-colorado,Northern Colorado
northern-illinois,Northern Illinois
northern-iowa,Northern Iowa
northern-kentucky,Northern Kentucky
northwestern,Northwestern
northwestern-state,Northwestern St.
notre-dame,Notre Dame
oakland,Oakland
ohio,Ohio
ohio-state,Ohio St.
oklahoma,Oklahoma
oklahoma-state,Oklahoma St.
old-dominion,Old Dominion
nebraska-omaha,Nebraska Omaha
oral-roberts,Oral Roberts
oregon,Oregon
oregon-state,Oregon St.
pacific,Pacific
penn-state,Penn St.
pennsylvania,Penn
pepperdine,Pepperdine
pittsburgh,Pittsburgh
portland,Portland
portland-state,Portland St.
prairie-view,Prairie View A&M
presbyterian,Presbyterian
princeton,Princeton
providence,Providence
purdue,Purdue
ipfw,IPFW
quinnipiac,Quinnipiac
radford,Radford
rhode-island,Rhode Island
rice,Rice
richmond,Richmond
rider,Rider
robert-morris,Robert Morris
rutgers,Rutgers
sacramento-state,Sacramento St.
sacred-heart,Sacred Heart
saint-francis-pa,St. Francis PA
saint-josephs,Saint Josephs
saint-louis,Saint Louis
saint-marys-ca,Saint Marys
saint-peters,Saint Peters
sam-houston-state,Sam Houston St.
samford,Samford
san-diego,San Diego
san-diego-state,San Diego St.
san-francisco,San Francisco
san-jose-state,San Jose St.
santa-clara,Santa Clara
savannah-state,Savannah St.
seattle,Seattle
seton-hall,Seton Hall
siena,Siena
southern-illinois-edwardsville,SIU Edwardsville
south-alabama,South Alabama
south-carolina,South Carolina
south-carolina-state,South Carolina St.
south-carolina-upstate,USC Upstate
south-dakota,South Dakota
south-dakota-state,South Dakota St.
south-florida,South Florida
southeast-missouri-state,Southeast Missouri St.
southeastern-louisiana,Southeastern Louisiana
southern,Southern
southern-california,USC
southern-illinois,Southern Illinois
southern-methodist,SMU
southern-mississippi,Southern Miss
southern-utah,Southern Utah
st-bonaventure,St. Bonaventure
st-francis-ny,St. Francis NY
st-johns-ny,St. Johns
stanford,Stanford
stephen-f-austin,Stephen F. Austin
stetson,Stetson
stony-brook,Stony Brook
syracuse,Syracuse
temple,Temple
tennessee,Tennessee
tennessee-state,Tennessee St.
tennessee-tech,Tennessee Tech
tennessee-martin,Tennessee Martin
texas,Texas
texas-am,Texas A&M
texas-am-corpus-christi,Texas A&M Corpus Chris
texas-christian,TCU
texas-southern,Texas Southern
texas-state,Texas St.
texas-tech,Texas Tech
texas-arlington,UT Arlington
texas-el-paso,UTEP
texas-pan-american,Texas Pan American
texas-pan-american,UT Rio Grande Valley
texas-san-antonio,UTSA
toledo,Toledo
towson,Towson
troy,Troy
tulane,Tulane
tulsa,Tulsa
california-davis,UC Davis
california-irvine,UC Irvine
california-riverside,UC Riverside
california-santa-barbara,UC Santa Barbara
ucla,UCLA
california,California
utah,Utah
utah-state,Utah St.
utah-valley,Utah Valley
valparaiso,Valparaiso
vanderbilt,Vanderbilt
vermont,Vermont
villanova,Villanova
virginia,Virginia
virginia-commonwealth,VCU
virginia-tech,Virginia Tech
virginia-military-institute,VMI
wagner,Wagner
wake-forest,Wake Forest
washington,Washington
washington-state,Washington St.
weber-state,Weber St.
west-virginia,West Virginia
western-carolina,Western Carolina
western-illinois,Western Illinois
western-kentucky,Western Kentucky
western-michigan,Western Michigan
wichita-state,Wichita St.
william-mary,William & Mary
winthrop,Winthrop
wisconsin,Wisconsin
wofford,Wofford
wright-state,Wright St.
wyoming,Wyoming
xavier,Xavier
yale,Yale
youngstown-state,Youngstown St.